,pr_txt,Категория,Уровень рейтинга
0,"Рейтинговое агентство «Эксперт РА» подтвердило рейтинг кредитоспособности нефинансовой компании ООО «Биннофарм Групп» на уровне ruA. Прогноз по рейтингу – стабильный прогнозом.

ООО «Биннофарм Групп» (далее – «компания», «Группа») — одна из ведущих российских фармацевтических компаний, занимающаяся разработкой и производством лекарственных препаратов, сбытом продукции и продвижением препаратов на рынке России и СНГ. Компания образовалась в 2020 году в результате слияния активов ПАО «Синтез» и АО «Алиум».

Оценка риск-профиля отрасли оказывает поддержку рейтингу. Устойчивость фармацевтического рынка к внешним шокам агентство оценивает на уровне выше среднего, так как отрасли присуща низкая эластичность спроса из-за значимости продуктов для потребителя (в портфеле препаратов Группы около 50% составляют жизненно важные лекарственные препараты (ЖНВЛП) и готовности покупать лекарственные препараты в приоритетном порядке. Кроме того, российское производство ЖНВЛП становится более востребованным в целях развития импортозамещения и наращивания внутреннего производства. За последние 15 лет на фармацевтическом рынке наблюдалась стабильно положительная динамика в денежном выражении – плюс 11,9% за 2022 год (далее – отчетный период), при этом в натуральном выражении объем рынка сократился на 6,2%, снижение пришлось на государственный сегмент из-за сокращения закупок препаратов для лечения COVID-19.

Барьеры для входа в отрасль оцениваются на среднем уровне, учитывая существенный уровень государственного регулирования и лицензирования, необходимых капитальных и R&D затрат для запуска производства и продолжительное время, необходимое для начала массового производства. С другой стороны, агентство принимает во внимание значительно меньший объём R&D и иных затрат для производства дженериков в отличие от оригинальных препаратов (доля последних в структуре выручки Группы составила около 16% по итогам 2022 года), а также значительное количество конкурентов на рынке, имеющих соответствующие компетенции для производства дженериков.

Агентство оценивает рыночные и конкурентные позиции компании на умеренно высоком уровне. Так, на топ-10 компаний на российском фармацевтическом рынке приходится порядка трети рынка по итогам отчетного периода в денежном выражении, что свидетельствует о низкой консолидации рынка и большом количестве игроков на рынке. Рыночные позиции Группы оцениваются на среднем уровне: рыночная доля составляет около 2,3% в денежном выражении в коммерческом сегменте и около 1,0% в государственном, Группа входит в топ-20 крупнейших фармацевтических компаний в России и топ-5 среди российских компаний, при этом доля значительно выросла за последние несколько лет.

Выручка Группы характеризуется высокой продуктовой диверсификацией – на долю препаратов одной терапевтической области приходится менее трети общей выручки за 2020-2022 годы, доля крупнейшего препарата составляет около 10% выручки. Группа производит более 450 препаратов из более 200 фармакологических групп. Компания представлена в коммерческом сегменте (72% выручки за 2022 год), сегменте государственных закупок (18%) и поставляет продукцию на экспорт в страны СНГ (10%). Более 30 производственных линий позволяют производить продукцию в разных формах выпуска.

Диверсификация производства по производственным площадкам оценивается на высоком уровне: на крупнейшее производство в Кургане пришлось порядка 34% выручки за отчетный период. Доля крупнейшего покупателя в выручке не превышает 15%. Группа производит собственные субстанции, доля которых составляет около 20% от общей необходимости в них, что даёт конкурентные преимущества как по участию в тендерах, так и по себестоимости производства. Набор поставщиков также высоко диверсифицирован и на крупнейшего приходится не более 5% общей себестоимости.

Группа стабильно показывает существенный рост бизнеса: совокупная выручка за 2022 год по сравнению с 2021 годом выросла на 10% до 28 млрд руб. Рост обусловлен увеличением реализации как в стоимостном, так и натуральном выражении в коммерческом сегменте. EBITDA, по расчетам агентства, составила 7,9 млрд руб., оставшись на сопоставимом уровне с предыдущем периодом, что обусловлено активной маркетинговой стратегией. Агентство ожидает сохранения положительной динамики показателей в краткосрочной перспективе. Групповая рентабельность по EBITDA за 2022 год составила 28%, что оценивается как высокий уровень. В среднесрочной перспективе агентство ожидает стабилизации рентабельности на уровне 30%.

Компания проводит взвешенную финансовую политику и имеет комфортный уровень долговой нагрузки. Показатель чистого общего долга к EBITDA, по расчетам агентства, по итогам отчетного периода составил 2,0х. Согласно обновленной инвестиционной стратегии, для поддержания высоких темпов роста бизнеса Группа предусматривает органический рост в среднесрочной перспективе за счет диверсификации портфеля ЛП, в том числе за счет разработки биотехнологических  ЛП, на базе нового R&D центра. Программа будет преимущественно осуществляться за счет привлечения заемного финансирования, показатель чистого долга к EBITDA, по оценкам агентства, не превысит 2,5х. Уровень покрытия процентов является сдерживающим фактором и оценивается на умеренном уровне: отношение EBITDA к процентам за отчетный период составило около 3,0х, что ниже, чем за аналогичный период прошлого года в результате роста кредитного портфеля.

Прогнозная ликвидность компании оказывает умеренно позитивное влияние на кредитный рейтинг. По расчетам агентства, сумма прогнозного CFO до вычета процентов, аккумулированного объема денежных средств и объема планового финансирования, с учетом существенного объема невыбранных кредитных линий, на горизонте года полностью покрывает расходы по финансовым и инвестиционным направлениям. Качественная оценка ликвидности также оказывает положительное влияние на рейтинговую оценку. Риски рефинансирования долговых обязательств оцениваются как невысокие, а график погашения кредитов не предусматривает пиков. Долговая нагрузка характеризуется высокой диверсификацией, на отчетную дату на крупнейшего кредитора приходилось около 30% долга.

В оценке валютных рисков агентство отмечает, что долговые обязательства номинированы в рублях, при этом ряд закупаемых материалов, в частности, субстанции, номинирован в валюте. Агентство оценивает такие валютные затраты до 25% общей себестоимости, при этом на фармацевтическом рынке есть возможность транслировать валютные расходы в стоимость выпускаемой продукции, что снижает подверженность валютному риску. Также высокая маржинальность позволит Группе абсорбировать валютные колебания.

Оценка блока корпоративных рисков оказывает умеренно положительное влияние на рейтинг. Агентство отмечает прозрачную структуру Группы, высокое качество риск-менеджмента, а также умеренно высокий уровень корпоративного управления. В компании действует совет директоров (СД) из 11 участников, 4 из которых являются независимыми. Коллегиальный исполнительный орган отсутствует, однако при СД организованы комитеты по финансам, рискам и аудиту; по стратегии и инвестиционным проектам; по назначениям и вознаграждениям. Ряд функций риск-менеджмента также контролируется со стороны мажоритарного акционера. Уровень транспарентности Группы оказывает умеренно-позитивное влияние на рейтинг – консолидированная финансовая отчетность по стандартам МСФО раскрывается для неограниченного круга лиц, однако отсутствие необязательной к раскрытию информации и годового отчета менеджмента сдерживает оценку от максимального значения.

По данным консолидированной отчетности ООО «Биннофарм Групп» по стандартам МСФО выручка по итогам 2022 года составила 28 млрд руб., чистая прибыль – 1,5 млрд руб.

Контакты для СМИ: pr@raexpert.ru, тел.: +7 (495) 225-34-44.",A,A
1,"Рейтинговое агентство «Эксперт РА» подтвердило рейтинг кредитоспособности нефинансовой компании ООО «Биннофарм Групп» на уровне ruA. Прогноз по рейтингу – стабильный прогнозом.

ООО «Биннофарм Групп» (далее – «компания», «Группа») — одна из ведущих российских фармацевтических компаний, занимающаяся разработкой и производством лекарственных препаратов, сбытом продукции и продвижением препаратов на рынке России и СНГ. Компания образовалась в 2020 году в результате слияния активов ПАО «Синтез» и АО «Алиум».

Оценка риск-профиля отрасли оказывает поддержку рейтингу. Устойчивость фармацевтического рынка к внешним шокам агентство оценивает на уровне выше среднего, так как отрасли присуща низкая эластичность спроса из-за значимости продуктов для потребителя (в портфеле препаратов Группы около 50% составляют жизненно важные лекарственные препараты (ЖНВЛП) и готовности покупать лекарственные препараты в приоритетном порядке. Кроме того, российское производство ЖНВЛП становится более востребованным в целях развития импортозамещения и наращивания внутреннего производства. За последние 15 лет на фармацевтическом рынке наблюдалась стабильно положительная динамика в денежном выражении – плюс 11,9% за 2022 год (далее – отчетный период), при этом в натуральном выражении объем рынка сократился на 6,2%, снижение пришлось на государственный сегмент из-за сокращения закупок препаратов для лечения COVID-19.

Барьеры для входа в отрасль оцениваются на среднем уровне, учитывая существенный уровень государственного регулирования и лицензирования, необходимых капитальных и R&D затрат для запуска производства и продолжительное время, необходимое для начала массового производства. С другой стороны, агентство принимает во внимание значительно меньший объём R&D и иных затрат для производства дженериков в отличие от оригинальных препаратов (доля последних в структуре выручки Группы составила около 16% по итогам 2022 года), а также значительное количество конкурентов на рынке, имеющих соответствующие компетенции для производства дженериков.

Агентство оценивает рыночные и конкурентные позиции компании на умеренно высоком уровне. Так, на топ-10 компаний на российском фармацевтическом рынке приходится порядка трети рынка по итогам отчетного периода в денежном выражении, что свидетельствует о низкой консолидации рынка и большом количестве игроков на рынке. Рыночные позиции Группы оцениваются на среднем уровне: рыночная доля составляет около 2,3% в денежном выражении в коммерческом сегменте и около 1,0% в государственном, Группа входит в топ-20 крупнейших фармацевтических компаний в России и топ-5 среди российских компаний, при этом доля значительно выросла за последние несколько лет.

Выручка Группы характеризуется высокой продуктовой диверсификацией – на долю препаратов одной терапевтической области приходится менее трети общей выручки за 2020-2022 годы, доля крупнейшего препарата составляет около 10% выручки. Группа производит более 450 препаратов из более 200 фармакологических групп. Компания представлена в коммерческом сегменте (72% выручки за 2022 год), сегменте государственных закупок (18%) и поставляет продукцию на экспорт в страны СНГ (10%). Более 30 производственных линий позволяют производить продукцию в разных формах выпуска.

Диверсификация производства по производственным площадкам оценивается на высоком уровне: на крупнейшее производство в Кургане пришлось порядка 34% выручки за отчетный период. Доля крупнейшего покупателя в выручке не превышает 15%. Группа производит собственные субстанции, доля которых составляет около 20% от общей необходимости в них, что даёт конкурентные преимущества как по участию в тендерах, так и по себестоимости производства. Набор поставщиков также высоко диверсифицирован и на крупнейшего приходится не более 5% общей себестоимости.

Группа стабильно показывает существенный рост бизнеса: совокупная выручка за 2022 год по сравнению с 2021 годом выросла на 10% до 28 млрд руб. Рост обусловлен увеличением реализации как в стоимостном, так и натуральном выражении в коммерческом сегменте. EBITDA, по расчетам агентства, составила 7,9 млрд руб., оставшись на сопоставимом уровне с предыдущем периодом, что обусловлено активной маркетинговой стратегией. Агентство ожидает сохранения положительной динамики показателей в краткосрочной перспективе. Групповая рентабельность по EBITDA за 2022 год составила 28%, что оценивается как высокий уровень. В среднесрочной перспективе агентство ожидает стабилизации рентабельности на уровне 30%.

Компания проводит взвешенную финансовую политику и имеет комфортный уровень долговой нагрузки. Показатель чистого общего долга к EBITDA, по расчетам агентства, по итогам отчетного периода составил 2,0х. Согласно обновленной инвестиционной стратегии, для поддержания высоких темпов роста бизнеса Группа предусматривает органический рост в среднесрочной перспективе за счет диверсификации портфеля ЛП, в том числе за счет разработки биотехнологических  ЛП, на базе нового R&D центра. Программа будет преимущественно осуществляться за счет привлечения заемного финансирования, показатель чистого долга к EBITDA, по оценкам агентства, не превысит 2,5х. Уровень покрытия процентов является сдерживающим фактором и оценивается на умеренном уровне: отношение EBITDA к процентам за отчетный период составило около 3,0х, что ниже, чем за аналогичный период прошлого года в результате роста кредитного портфеля.

Прогнозная ликвидность компании оказывает умеренно позитивное влияние на кредитный рейтинг. По расчетам агентства, сумма прогнозного CFO до вычета процентов, аккумулированного объема денежных средств и объема планового финансирования, с учетом существенного объема невыбранных кредитных линий, на горизонте года полностью покрывает расходы по финансовым и инвестиционным направлениям. Качественная оценка ликвидности также оказывает положительное влияние на рейтинговую оценку. Риски рефинансирования долговых обязательств оцениваются как невысокие, а график погашения кредитов не предусматривает пиков. Долговая нагрузка характеризуется высокой диверсификацией, на отчетную дату на крупнейшего кредитора приходилось около 30% долга.

В оценке валютных рисков агентство отмечает, что долговые обязательства номинированы в рублях, при этом ряд закупаемых материалов, в частности, субстанции, номинирован в валюте. Агентство оценивает такие валютные затраты до 25% общей себестоимости, при этом на фармацевтическом рынке есть возможность транслировать валютные расходы в стоимость выпускаемой продукции, что снижает подверженность валютному риску. Также высокая маржинальность позволит Группе абсорбировать валютные колебания.

Оценка блока корпоративных рисков оказывает умеренно положительное влияние на рейтинг. Агентство отмечает прозрачную структуру Группы, высокое качество риск-менеджмента, а также умеренно высокий уровень корпоративного управления. В компании действует совет директоров (СД) из 11 участников, 4 из которых являются независимыми. Коллегиальный исполнительный орган отсутствует, однако при СД организованы комитеты по финансам, рискам и аудиту; по стратегии и инвестиционным проектам; по назначениям и вознаграждениям. Ряд функций риск-менеджмента также контролируется со стороны мажоритарного акционера. Уровень транспарентности Группы оказывает умеренно-позитивное влияние на рейтинг – консолидированная финансовая отчетность по стандартам МСФО раскрывается для неограниченного круга лиц, однако отсутствие необязательной к раскрытию информации и годового отчета менеджмента сдерживает оценку от максимального значения.

По данным консолидированной отчетности ООО «Биннофарм Групп» по стандартам МСФО выручка по итогам 2022 года составила 28 млрд руб., чистая прибыль – 1,5 млрд руб.

Контакты для СМИ: pr@raexpert.ru, тел.: +7 (495) 225-34-44.",AA,AA
2,"Рейтинговое агентство «Эксперт РА» подтвердило рейтинг кредитоспособности нефинансовой компании ООО «Биннофарм Групп» на уровне ruA. Прогноз по рейтингу – стабильный прогнозом.

ООО «Биннофарм Групп» (далее – «компания», «Группа») — одна из ведущих российских фармацевтических компаний, занимающаяся разработкой и производством лекарственных препаратов, сбытом продукции и продвижением препаратов на рынке России и СНГ. Компания образовалась в 2020 году в результате слияния активов ПАО «Синтез» и АО «Алиум».

Оценка риск-профиля отрасли оказывает поддержку рейтингу. Устойчивость фармацевтического рынка к внешним шокам агентство оценивает на уровне выше среднего, так как отрасли присуща низкая эластичность спроса из-за значимости продуктов для потребителя (в портфеле препаратов Группы около 50% составляют жизненно важные лекарственные препараты (ЖНВЛП) и готовности покупать лекарственные препараты в приоритетном порядке. Кроме того, российское производство ЖНВЛП становится более востребованным в целях развития импортозамещения и наращивания внутреннего производства. За последние 15 лет на фармацевтическом рынке наблюдалась стабильно положительная динамика в денежном выражении – плюс 11,9% за 2022 год (далее – отчетный период), при этом в натуральном выражении объем рынка сократился на 6,2%, снижение пришлось на государственный сегмент из-за сокращения закупок препаратов для лечения COVID-19.

Барьеры для входа в отрасль оцениваются на среднем уровне, учитывая существенный уровень государственного регулирования и лицензирования, необходимых капитальных и R&D затрат для запуска производства и продолжительное время, необходимое для начала массового производства. С другой стороны, агентство принимает во внимание значительно меньший объём R&D и иных затрат для производства дженериков в отличие от оригинальных препаратов (доля последних в структуре выручки Группы составила около 16% по итогам 2022 года), а также значительное количество конкурентов на рынке, имеющих соответствующие компетенции для производства дженериков.

Агентство оценивает рыночные и конкурентные позиции компании на умеренно высоком уровне. Так, на топ-10 компаний на российском фармацевтическом рынке приходится порядка трети рынка по итогам отчетного периода в денежном выражении, что свидетельствует о низкой консолидации рынка и большом количестве игроков на рынке. Рыночные позиции Группы оцениваются на среднем уровне: рыночная доля составляет около 2,3% в денежном выражении в коммерческом сегменте и около 1,0% в государственном, Группа входит в топ-20 крупнейших фармацевтических компаний в России и топ-5 среди российских компаний, при этом доля значительно выросла за последние несколько лет.

Выручка Группы характеризуется высокой продуктовой диверсификацией – на долю препаратов одной терапевтической области приходится менее трети общей выручки за 2020-2022 годы, доля крупнейшего препарата составляет около 10% выручки. Группа производит более 450 препаратов из более 200 фармакологических групп. Компания представлена в коммерческом сегменте (72% выручки за 2022 год), сегменте государственных закупок (18%) и поставляет продукцию на экспорт в страны СНГ (10%). Более 30 производственных линий позволяют производить продукцию в разных формах выпуска.

Диверсификация производства по производственным площадкам оценивается на высоком уровне: на крупнейшее производство в Кургане пришлось порядка 34% выручки за отчетный период. Доля крупнейшего покупателя в выручке не превышает 15%. Группа производит собственные субстанции, доля которых составляет около 20% от общей необходимости в них, что даёт конкурентные преимущества как по участию в тендерах, так и по себестоимости производства. Набор поставщиков также высоко диверсифицирован и на крупнейшего приходится не более 5% общей себестоимости.

Группа стабильно показывает существенный рост бизнеса: совокупная выручка за 2022 год по сравнению с 2021 годом выросла на 10% до 28 млрд руб. Рост обусловлен увеличением реализации как в стоимостном, так и натуральном выражении в коммерческом сегменте. EBITDA, по расчетам агентства, составила 7,9 млрд руб., оставшись на сопоставимом уровне с предыдущем периодом, что обусловлено активной маркетинговой стратегией. Агентство ожидает сохранения положительной динамики показателей в краткосрочной перспективе. Групповая рентабельность по EBITDA за 2022 год составила 28%, что оценивается как высокий уровень. В среднесрочной перспективе агентство ожидает стабилизации рентабельности на уровне 30%.

Компания проводит взвешенную финансовую политику и имеет комфортный уровень долговой нагрузки. Показатель чистого общего долга к EBITDA, по расчетам агентства, по итогам отчетного периода составил 2,0х. Согласно обновленной инвестиционной стратегии, для поддержания высоких темпов роста бизнеса Группа предусматривает органический рост в среднесрочной перспективе за счет диверсификации портфеля ЛП, в том числе за счет разработки биотехнологических  ЛП, на базе нового R&D центра. Программа будет преимущественно осуществляться за счет привлечения заемного финансирования, показатель чистого долга к EBITDA, по оценкам агентства, не превысит 2,5х. Уровень покрытия процентов является сдерживающим фактором и оценивается на умеренном уровне: отношение EBITDA к процентам за отчетный период составило около 3,0х, что ниже, чем за аналогичный период прошлого года в результате роста кредитного портфеля.

Прогнозная ликвидность компании оказывает умеренно позитивное влияние на кредитный рейтинг. По расчетам агентства, сумма прогнозного CFO до вычета процентов, аккумулированного объема денежных средств и объема планового финансирования, с учетом существенного объема невыбранных кредитных линий, на горизонте года полностью покрывает расходы по финансовым и инвестиционным направлениям. Качественная оценка ликвидности также оказывает положительное влияние на рейтинговую оценку. Риски рефинансирования долговых обязательств оцениваются как невысокие, а график погашения кредитов не предусматривает пиков. Долговая нагрузка характеризуется высокой диверсификацией, на отчетную дату на крупнейшего кредитора приходилось около 30% долга.

В оценке валютных рисков агентство отмечает, что долговые обязательства номинированы в рублях, при этом ряд закупаемых материалов, в частности, субстанции, номинирован в валюте. Агентство оценивает такие валютные затраты до 25% общей себестоимости, при этом на фармацевтическом рынке есть возможность транслировать валютные расходы в стоимость выпускаемой продукции, что снижает подверженность валютному риску. Также высокая маржинальность позволит Группе абсорбировать валютные колебания.

Оценка блока корпоративных рисков оказывает умеренно положительное влияние на рейтинг. Агентство отмечает прозрачную структуру Группы, высокое качество риск-менеджмента, а также умеренно высокий уровень корпоративного управления. В компании действует совет директоров (СД) из 11 участников, 4 из которых являются независимыми. Коллегиальный исполнительный орган отсутствует, однако при СД организованы комитеты по финансам, рискам и аудиту; по стратегии и инвестиционным проектам; по назначениям и вознаграждениям. Ряд функций риск-менеджмента также контролируется со стороны мажоритарного акционера. Уровень транспарентности Группы оказывает умеренно-позитивное влияние на рейтинг – консолидированная финансовая отчетность по стандартам МСФО раскрывается для неограниченного круга лиц, однако отсутствие необязательной к раскрытию информации и годового отчета менеджмента сдерживает оценку от максимального значения.

По данным консолидированной отчетности ООО «Биннофарм Групп» по стандартам МСФО выручка по итогам 2022 года составила 28 млрд руб., чистая прибыль – 1,5 млрд руб.

Контакты для СМИ: pr@raexpert.ru, тел.: +7 (495) 225-34-44.",AA,AA
3,"Рейтинговое агентство «Эксперт РА» подтвердило рейтинг кредитоспособности нефинансовой компании ПАО «Абрау-Дюрсо» до уровня ruА+. Прогноз по рейтингу – стабильный.

ПАО «Абрау-Дюрсо» (далее – Компания, «Абрау-Дюрсо») является головной компанией группы, специализирующейся на производстве и реализации игристых вин (линейки «Русское игристое», «Victor Dravigny», «Империал»), тихих вин (линейки «Абрау», «Винодельня Ведерниковъ», «Abrau Estate»), напитка «Abrau Light», а также других крепкоалкогольных, слабоалкогольных и безалкогольных напитков. Компания имеет три производственных актива в Краснодарском крае (Русский винный дом «Абрау-Дюрсо», завод «Лоза», винодельня «Юбилейная»), один в Ростовской области («Винодельня Ведерниковъ»). На конец 2022 года в портфеле Компании находилось 6,3 тыс. га виноградопригодных земель, из которых на виноградники приходилось 3,7 тыс. га. У Компании заключено более 200 контрактов с региональными дистрибьюторами и ведущими федеральными сетями, что позволяет продукции «Абрау-Дюрсо» присутствовать во всех регионах России. Логистические центры Компании расположены в г. Краснодаре и г. Чехове. Также Компания активно развивает туристический сегмент, является крупнейшим центром винного туризма в России, который представлен гостиничным, ресторанным и экскурсионными комплексами.

Агентство оценивает риск-профиль отрасли нейтрально. Устойчивость к внешним шокам оценена на среднем уровне. Отмечается зависимость от внешних факторов, таких как уровень покупательской способности потребителей, выражающийся в тенденции потенциальных клиентов к переходу на сберегательную модель поведения и сокращении затрат на товары, не относящихся к товарам первой необходимости. Также на оценку оказывает влияние подверженность бизнеса климатическим изменениям. Тем не менее такая крупная компания, как «Абрау-Дюрсо», обладает большей устойчивостью к макроэкономическим колебаниям по сравнению с небольшими компаниями за счет развитой вертикальной интеграции, наличия собственного торгового дома и отлаженного логистического механизма. Повышенные барьеры для входа в отрасль обусловлены ограничениями, принятыми с 2020 года законом «О виноградарстве и виноделии». В результате повысились технологические требования к производству вин на территории РФ, а также к виноматериалам, что накладывает запрет на использование в производстве импортного виноматериала.

Агентство оценивает рыночные позиции Компании на высоком уровне. «Абрау-Дюрсо» занимает лидирующую позицию в производстве игристых вин в России. Продукция типа «игристое вино» занимает 89% от общего объема выручки, на линейку «Русское Игристое» приходится 67%. Компания успешно расширяет продуктовую линейку путем развития продаж премиальных игристых вин, напитка Abrau Light, тихих вин, крепких алкогольных и безалкогольных напитков, также наращивается дистрибьюторский портфель вин иностранных производителей. Большой объем собственных виноградников обеспечивает основную часть потребности в собственном сырье. Остальная потребность закрывается через контракты с отечественными поставщиками винограда и виноматериалов. В 2023 году Компания расширила свой портфель поставщиков, что еще больше повышает ее устойчивость.

Диверсификация продаж Компании оценивается на высоком уровне и поддерживается развитостью дистрибьюторских каналов сбыта и реализацией через канал HoReCa. Отсутствует концентрация на отдельных сетях – на долю крупнейшей приходится 24% в выручке за 2022 год (далее – отчетный период). Основные производственные активы на конец 2022 года были расположены в двух регионах – Краснодарском крае и Ростовской области. На продукцию завода в Абрау-Дюрсо приходилось 77% выручки. Все локации производств и земельных участков расположены в регионах с благоприятным климатом для выращивания виноградников, что оказывает поддержку рейтинговой оценке.

Компания имеет комфортную долговую нагрузку, что выражается в ее позитивной оценке агентством.  Показатель скорректированный долг/EBITDA в 2022 году составил 2,0х, в прогнозных периодах Компания ожидает уровень данного показателя не выше 1,5х для максимальной оценки. Покрытие EBITDA процентных платежей за отчетный год составило 5,9х, что положительно оценивается агентством. В прогнозном периоде Агентство ожидает снижение процентной нагрузки ввиду одновременного снижения долга и наращивания показателя EBITDA.

Агентство умеренно положительно оценивает уровень прогнозной ликвидности. Основные инвестиционные программы Компании уже завершены, в среднесрочной перспективе планируются в основном затраты на поддержание бизнеса.  На 2023-2024 гг. они составят около 1 млрд рублей в год, основными направлениями капитальных расходов являются высадка виноградников и инвестиции в поддержание туристической инфраструктуры.

Качественная оценка ликвидности учитывает высокую диверсификацию долгового портфеля. Долговые обязательства обладают комфортной структурой погашения – на конец 2022 года около 20% обязательств являются краткосрочными, и пиков по выплатам тела кредитов не ожидается в среднесрочной перспективе. Ярко выраженная сезонность бизнеса обуславливает высокий объем оборотных кредитов в течение года, при этом Компания активно участвует в государственных программах льготного кредитования сельхозпроизводителей. Также у Компании имеются невыбранные подтвержденные долгосрочные кредитные линии на 8,0 млрд рублей.

Показатели рентабельности оцениваются агентством на высоком уровне. По итогам 2022 года рентабельность по EBITDA составила 32%, что сопоставимо с уровнем данного показателя за 2021 год. В прогнозных периодах ожидается рост данного показателя ввиду роста продаж бутылок и увеличения средних цен на основные виды продукции. Компания минимально подвержена валютному риску ввиду того, что виноматериалы закупаются только на территории России, валютная составляющая в себестоимости и капитальных затратах очень низкая. Большая часть выручки формируется в рублях, валютные обязательства у Компании нематериальны.

Агентство положительно оценивает стабильную и концентрированную структуру собственности. В Компании действует Совет Директоров, в составе которого присутствуют два независимых директора. Качество стратегического планирования также оказывает положительное влияние на уровень рейтинга, прогнозная консолидированная финансовая модель отличается высокой степенью детализации и долгосрочным горизонтом планирования. В Компании присутствуют элементы системы риск-менеджмента. Все ключевые риски, связанные с производственной деятельностью, за исключение рисков гибели урожая, застрахованы в компаниях с высоким кредитным рейтингом. Компания публично раскрывает финансовые и операционные результаты. 

По данным консолидированной отчетности ПАО «Абрау-Дюрсо» по стандартам МСФО выручка по итогам 2022 года составила 11,9 млрд рублей, чистая прибыль – 1,8 млрд рублей.

Контакты для СМИ: pr@raexpert.ru, тел.: +7 (495) 225-34-44.
",A,A+
4,"Рейтинговое агентство «Эксперт РА» повысило рейтинг кредитоспособности нефинансовой компании ООО «АйДи Коллект» до уровня ruBB+ и установило по рейтингу стабильный прогноз. Ранее у компании действовал рейтинг кредитоспособности на уровне ruBB со стабильным прогнозом.

Повышение кредитного рейтинга связано с ростом объемов бизнеса и конкурентных позиций на коллекторском рынке РФ, улучшением ликвидной позиции и поддержанием умеренной долговой нагрузки. Также кредитный рейтинг отражает консервативную оценку риск-профиля отрасли, высокую рентабельность бизнеса и приемлемый уровень корпоративных рисков.

ООО «АйДи Коллект» (далее – компания, «АйДи Коллект») – коллекторское агентство, осуществляющее деятельность с 2017 года. Компания является частью финтех-группы IDF Eurasia, работающей на территории РФ, которая, помимо коллекторского бизнеса, представлена также на банковском и микрофинансовом рынках. Анализ проводился по standalone-отчетности «АйДи Коллект» в соответствии с МСФО.

Консервативная оценка риск-профиля отрасли, по мнению агентства, связана с высоким уровнем конкуренции и низкими регуляторными барьерами для входа. Деятельность компании заключается в приобретении портфелей просроченной задолженности преимущественно у МФО и банков по договорам цессии с последующим взысканием задолженности, в том числе с применением принципов социальной ответственности: предложений по реструктуризации и гибкой системы дисконтов. Рынок цессии характеризуется высокой степенью цикличности по объемам реализации портфелей и их ценообразованию. Объемы продаж портфелей просроченной задолженности в значительной степени зависят от макроэкономической конъюнктуры и внутренних подходов кредиторов по управлению своими NPL, которые, в свою очередь, могут корректироваться в ответ на изменения регулирования.  Деятельность коллекторских агентств регулирует 230-ФЗ РФ, а также ведомства, поднадзорные ФССП. Действующий подход к трактовке законодательных нормативов со стороны регулятора приводит к применению штрафных санкций к участникам рынка.  При этом у «Айди Коллект» доля штрафов и их абсолютное количество планомерно снижались в течение периода 2021-2022 гг., а в 1пг2023 штрафы отсутствовали, что свидетельствует о повышении дисциплины соблюдения требований надзорного органа и подтверждается фактом успешного прохождения проверки со стороны ФССП в 1пг2023. Кроме того, регулирование деятельности коллекторских агентств может меняться в зависимости от социально-экономической ситуации, например, в части введения мораториев на банкротство или расширения возможностей по внесудебному банкротству физических лиц. «АйДи Коллект», в свою очередь, продолжил развитие в период моратория в 2022 году, сделав фокус на наращивании работы досудебного взыскания, а также развитии направления по работе с банкротами в рамках операционной деятельности компании.

Сильные рыночные позиции при высокой диверсификации портфеля прав требования по контрагентам. По данным компании по итогам 2022 года «АйДи Коллект» занимал лидирующие позиции на рынке - порядка 16% рынка по банковским портфелям и МФО, за 1пг2023 также сохранил за собой лидерство, увеличив долю рынка до 22%. Активы и приобретенные права требования (справедливая стоимость портфелей проблемной задолженности на балансе) по МСФО увеличились на 89% до 11 млрд руб. и 79% до 9,9 млрд руб. соответственно, при этом, по оценкам компании, номинальный объем приобретенных в 2022 году прав требования составил около 37 млрд руб. (при сумме инвестиций в размере 3,5 млрд руб.). Опираясь на высокие компетенции компании в скоринге на микрофинансовом рынке, на котором и базировалось развитие коллекторского бизнеса с момента создания «АйДи Коллект», компания сохраняет лидерство по покупке проблемной задолженности по микрозаймам. По итогу 1пг2023 объем приобретенных прав требования равномерно распределён между банковским и МФО сектором, при этом компания планирует наращивать долю банковского сектора в портфеле в связи его более высоким потенциалом. Бизнес компании практически полностью сформирован классическим Debt Purchaser (DP) сегментом, который в свою очередь делится на принудительное (legal-collection) и добровольное (soft-collection) взыскание. Агентская схема работы по взысканию задолженности практически не представлена в портфеле компании, при этом компания осознанно минимизирует использование такой практики ввиду повышенных сопутствующих регулятивных рисков. Основные денежные потоки формируются в legal-collection посредством взаимодействия с ФССП, что обуславливает необходимость развития представительств компании в регионах РФ для повышения эффективности взыскания долгов. По данным компании, открытие регионального представительства в среднем повышает эффективность сборов в 2 раза. При этом развитие soft-collection, как социально-ориентированной практики, является ключевой стратегической целью компании в средне- и долгосрочной перспективе, в соответствии с которой планируется доведение доли сборов денежных средств в этом направлении до 20% к концу 2024 года. Дополнительно «АйДи Коллект» развивает собственное направление по работе с банкротами в рамках операционной деятельности, что позволяет взыскивать денежные средства с банкротящихся должников. Диверсификация приобретенных прав требования по цедентам оценивается как высокая: на крупнейшего контрагента пришлось 16% всего портфеля приобретенных прав требования по МСФО на 31.12.2022.

Улучшение оценки за ликвидную позицию. Оценка фактора прогнозной ликвидности отражает планы компании по существенному наращиванию покупок портфелей за счет заемных средств, преимущественно через привлечение целевых кредитных линий от банков и выпусков облигаций. При оценке ликвидной позиции приняты во внимание тенденции снижения доли краткосрочных пассивов в структуре ресурсной базы и постепенное повышение диверсификации структуры фондирования. Так, с 2021 по 2022 год доля розничных инвесторов снизилась с 73% до 61%, а по состоянию на 30.06.2023 их доля составляет 57%. При этом отмечается, что в течение 2022 года в связи с изменившейся конъюнктурой на финансовом рынке срочность данной категории привлеченных средств снизилась, что в том числе привело к росту доли краткосрочного долга с 49% от общего размера долга в 2021 году до 59% по итогам 2022 года. Однако уже в 1пг2023 рыночная конъюнктура позволила компании вернуться к политике таргетирования более долгосрочных ресурсов, что привело к снижению доли краткосрочных обязательств до 34% пассивов. Качественная оценка ликвидности компании отражает отсутствие официально утвержденной дивидендной политики и наличие практики выдачи внутригрупповых займов. При оценке фактора приняты во внимание планы по существенному снижению объемов непрофильных займов в краткосрочной перспективе. Необходимо отметить также специфику бизнеса компании, в рамках которой генерация ликвидности на балансе в случае возникновения стресс-сценария может быть аккумулирована за счет поступлений от взыскания по текущему портфелю в ущерб реализации планов по масштабированию бизнеса (по оценкам компании, до 5,2 млрд руб. в течение 12 месяцев).

Умеренно низкая долговая нагрузка при приемлемой процентной нагрузке и высокой рентабельности бизнеса. В стратегических планах компании заложен более чем двукратный рост долга в 2023 году в связи с периодом активного масштабирования бизнеса, при этом в 2024-2025 гг. темпы прироста объемов долга будут снижаться. В 2022 году объем инвестиций на покупку портфелей прав требования составил около 3,4 млрд руб., что сопоставимо отразилось на общем объеме долга. По расчетам агентства, в 2022-2023 гг. долговая нагрузка компании существенно не меняется, что отражается в метрике Долг/EBITDA - 2,7 на 31.12.2022 и 2,7 на 31.12.2023 (прогнозные значения). При этом, начиная с 2024 года, ожидается снижение данной метрики на фоне роста поступлений от текущего портфеля и улучшения эффективности процесса взыскания. В связи с системным ростом стоимости фондирования в 2022 году и существенным увеличением долга в 2022-2023 гг., отмечается снижение уровня покрытия процентных доходов EBITDA c 5,2 за 2021 год до 2,5 за 2022 год, однако уже по итогам 2023 года ожидается улучшение значения данной метрики до 2,9. Стратегической целью компании является повышение срочности ресурсной базы, снижение ее стоимости и снижение концентрации фондирования на средствах розничных инвесторов, что планируется реализовать через наращивание традиционных институциональных инструментов – банковских кредитов и облигаций. Агентством отмечается, что, несмотря на рост стоимости фондирования в 2022 году, компании удалось удержать маржинальность бизнеса, в том числе в связи с ограниченным спросом на покупки прав требования со стороны крупнейших коллекторских агентств в этот период. Таким образом, по итогам 2022 года чистая прибыль по МСФО увеличилась на 11% до 1,8 млрд руб. при поддержании показателя EBITDA margin на очень высоких уровнях.

Приемлемый уровень корпоративных рисков. В оценке корпоративного управления агентство учитывает процесс редомицилирования структуры собственности Группы из Кипра в РФ, а также общий процесс трансформации финтех-группы IDF Eurasia и связанные с этим временно отсутствующие структурные единицы в системе корпоративного управления (отсутствие Совета директоров материнской компании в РФ и коллегиального исполнительного органа в «АйДи Коллект»). Агентство позитивно оценивает появление в компании практики по размещению отчетности по МСФО в публичном доступе, при этом сдерживающее влияние на оценку оказывает отсутствие практики составления промежуточной отчетности по МСФО. Вместе с тем, в качестве позитивных факторов учитываются высокий уровень системы риск-менеджмента и отсутствие существенных рыночных рисков в компании, а также наличие проработанной финансовой модели с высокой степенью детализации. Согласно стратегии до конца 2025 года компания планирует увеличить портфель приобретенных прав требования на балансе в 3 раза за счет расширения своего присутствия преимущественно на рынке банковской цессии с поддержанием высокой операционной эффективности, что, по оценкам компании, позволит сохранить лидирующие позиции на рынке.

На 31.12.2022 объем активов ООО «АйДи Коллект» по аудированной отчетности МСФО составил 11,0 млрд руб., портфель приобретенных прав требования – 9,9 млрд руб., собственный капитал – 3,6 млрд руб., чистая прибыль за 2022 год составила 1,8 млрд руб.

Контакты для СМИ: pr@raexpert.ru, тел.: +7 (495) 225-34-44.
",BB,BB+
5,"Подтверждение кредитного рейтинга АО «СГ-транс» (далее — СГ-транс, Компания) обусловлено сохранением кредитных метрик в рамках диапазонов, установленных для данного уровня рейтинга.

Кредитный рейтинг СГ-транса с учетом его дочерних предприятий (далее совместно именуемые — Группа) определяется сильной рыночной позицией в сегменте перевозок сжиженных углеводородных газов (СУГ), сильным бизнес-профилем Группы ввиду специализации на перевозке высокомаржинальных грузов, высокой степенью загрузки парка подвижного состава и средней степенью его изношенности. Широкая географическая диверсификация маршрутной сети и обширная клиентская база также способствуют сильной оценке бизнес-профиля. Ограничивающими факторами рейтинговой оценки являются размер бизнеса при средних оценках долговой нагрузки и обслуживания долга. Группа является крупнейшим в России оператором на рынке перевозок СУГ. Объем перевезенных Группой сжиженных углеводородов и нефтехимических грузов по сети РЖД в 2022 году составил около 12 млн тонн (-1% относительно показателя 2021 года). При этом объем перевезенных Группой сжиженных углеводородов в специализированных цистернах по итогам прошлого года превысил 9 млн тонн (+3,6% к показателю 2021 года).

КЛЮЧЕВЫЕ ФАКТОРЫ ОЦЕНКИ

Сильный операционный риск-профиль Компании определяется ее лидирующими позициями на высокомаржинальном рынке перевозки СУГ в цистернах. Транспортировка СУГ — один из самых стабильных и высокомаржинальных сегментов перевозок грузов по железной дороге с точки зрения изменения грузовой базы. Широкая географическая диверсификация и обширная клиентская база обеспечивают высокую степень загрузки парка подвижного состава. При этом средний возраст принадлежащих Группе цистерн составляет около 20 лет, что в два раза меньше установленного срока эксплуатации и соответствует среднему значению по отрасли. Собственный парк подвижного состава насчитывает 23,6 тыс. единиц, а общий парк под управлением Группы превышает 33 тыс. единиц. Фактором, усиливающим операционный риск-профиль Группы, являются ее лидирующие позиции в сегменте перевозок химических грузов в танк-контейнерах. Группа оперирует самым крупным в России парком танк-контейнеров. Перевозки наливных химических грузов в этом виде подвижного состава — относительно новый и быстрорастущий сегмент рынка, который характеризуется большим количеством грузоотправителей.

Оценка корпоративного управления соответствуют среднему уровню в сравнении с аналогичными компаниями в Российской Федерации. Группа реализует стратегию по усилению конкурентных позиций в высокомаржинальных сегментах перевозки грузов.

Высокая оценка финансового риск-профиля, с одной стороны, обусловлена очень высокой оценкой рентабельности бизнеса (рентабельность по FFO до фиксированных платежей и налогов составила 68% по результатам 2022 года против 59% годом ранее). Однако, с другой стороны, сдерживающими рейтинг факторами являются средние оценки за: 1) размер бизнеса Группы, измеряемый абсолютным значением FFO до фиксированных платежей и налогов и объемом перевозок (менее 30 млрд руб. и 25 млн тонн соответственно); 2) уровень долговой нагрузки Компании (показатель скорректированного общего долга к FFO до фиксированных платежей составил 3,0х по результатам 2022 года против 3,8х в 2021-м, в 2023 году его значение ожидается на уровне 3,2х); 3) показатель обслуживания долга (отношение FFO до фиксированных платежей к фиксированным платежам снизился до 3,4х в 2022 году против 3,7х в 2021-м, по результатам 2023 года, по оценке АКРА, показатель составит 2,8х). Показатель свободного денежного потока (FCF) получил высокую оценку вследствие очень высокой оценки рентабельности по FCF, но средней оценки отношения капитальных расходов к выручке. Последний показатель ухудшился по сравнению с прошлогодним значением в связи с ростом капитальных расходов. Ликвидность Компании находится на высоком уровне благодаря положительному денежному потоку и наличию нескольких кредитных линий с существенным объемом невыбранных лимитов.

КЛЮЧЕВЫЕ ДОПУЩЕНИЯ

совокупный объем капитальных вложений в 2023–2025 годах в соответствии с утвержденным бизнес-планом;

среднее значение рентабельности по FFO до фиксированных платежей и налогов в прогнозном периоде не ниже 50%;

взвешенная дивидендная политика.

ФАКТОРЫ ВОЗМОЖНОГО ИЗМЕНЕНИЯ ПРОГНОЗА ИЛИ РЕЙТИНГА

«Стабильный» прогноз предполагает с высокой долей вероятности неизменность рейтинга на горизонте 12–18 месяцев.

К позитивному рейтинговому действию могут привести:

повышение отношения FFO до фиксированных платежей к фиксированным платежам выше 5,0х;

снижение отношения скорректированного долга к FFO до фиксированных платежей ниже 2,0х.

К негативному рейтинговому действию может привести:

снижение взвешенного отношения FFO до фиксированных платежей к фиксированным платежам ниже 2,5х.
КОМПОНЕНТЫ РЕЙТИНГА

Оценка собственной кредитоспособности (ОСК): a+.

Корректировки: отсутствуют.

Поддержка: отсутствует.

РЕЙТИНГИ ВЫПУСКОВ

Облигации биржевые процентные неконвертируемые бездокументарные с централизованным учетом прав, серия 001Р-01 (RU000A103YP6), срок погашения — 26.10.2026, объем эмиссии — 8,5 млрд руб., — A+(RU).

Обоснование кредитного рейтинга. Эмиссия является старшим необеспеченным долгом Компании. Согласно методологии, АКРА использует детальный подход для оценки уровня возмещения потерь вследствие наличия значительной доли обеспеченного долга в структуре кредитного портфеля Компании. В соответствии с детальным подходом, уровень возмещения по эмиссии относится ко II категории, в связи с чем кредитный рейтинг выпуска облигаций приравнивается к кредитному рейтингу СГ-транса — A+(RU).

РЕГУЛЯТОРНОЕ РАСКРЫТИЕ

Кредитные рейтинги АО «СГ-транс» и выпуска его облигаций (RU000A103YP6) были присвоены по национальной шкале для Российской Федерации на основе Методологии присвоения кредитных рейтингов нефинансовым компаниям по национальной шкале для Российской Федерации, а также Основных понятий, используемых Аналитическим Кредитным Рейтинговым Агентством в рейтинговой деятельности. При присвоении кредитного рейтинга указанному выпуску также использовалась Методология присвоения кредитных рейтингов финансовым инструментам по национальной шкале для Российской Федерации.

Впервые кредитный рейтинг АО «СГ-транс» и кредитный рейтинг выпуска облигаций АО «СГ-транс» (RU000A103YP6) были опубликованы АКРА 30.04.2021 и 01.11.2021 соответственно. Очередной пересмотр кредитного рейтинга и прогноза по кредитному рейтингу АО «СГ-транс», а также кредитного рейтинга облигаций АО «СГ-транс» (RU000A103YP6) ожидается в течение одного года с даты опубликования настоящего пресс-релиза.

Кредитные рейтинги были присвоены на основании данных, предоставленных АО «СГ-транс», информации из открытых источников, а также баз данных АКРА. Кредитные рейтинги были присвоены на основании отчетности АО «СГ-транс» по МСФО. Кредитные рейтинги являются запрошенными, АО «СГ-транс» принимало участие в процессе присвоения кредитных рейтингов.

При присвоении кредитных рейтингов использовалась информация, качество и достоверность которой, по мнению АКРА, являются надлежащими и достаточными для применения методологий.

АКРА оказывало АО «СГ-транс» дополнительные услуги. Конфликты интересов в рамках процесса присвоения кредитных рейтингов выявлены не были.
",A,A+
6,"
Обоснование кредитного рейтинга. Эмиссия является старшим необеспеченным долгом МКПАО «ОК РУСАЛ» (далее — «РУСАЛ», Холдинг, Компания). По причине отсутствия структурной и контрактной субординации выпуска АКРА оценивает эти облигации как равные по очередности исполнения другим существующим и будущим необеспеченным и несубординированным обязательствам Компании. В соответствии с методологией АКРА, для определения рейтинга эмиссии Агентство использовало детальный подход. Согласно расчетам АКРА, уровень возмещения по старшему необеспеченному долгу относится к I категории, в связи с чем кредитный рейтинг эмиссии приравнивается к кредитному рейтингу Компании — A+(RU).

Кредитный рейтинг Холдинга обусловлен сильной рыночной позицией как глобального производителя алюминия и сильной оценкой бизнес-профиля, которая в свою очередь определяется низкой себестоимостью производства алюминия и обеспеченностью ресурсной базой. При этом оценка продуктовой диверсификации находится на уровне ниже среднего, так как «РУСАЛ» специализируется исключительно на производстве алюминия и сплавов на его основе. Поддержку уровню кредитного рейтинга оказывают очень сильная оценка географической диверсификации продаж и высокий уровень корпоративного управления, а также очень высокая оценка субфактора «концентрация на одном месторождении». Сдерживающим фактором для кредитного рейтинга Холдинга является высокий показатель долговой нагрузки.

КЛЮЧЕВЫЕ ХАРАКТЕРИСТИКИ ВЫПУСКА
Заемщик

МКПАО «ОК РУСАЛ»

Кредитный рейтинг эмитента

A+(RU), прогноз «Стабильный»

Фактический эмитент

МКПАО «ОК РУСАЛ»

Тип ценной бумаги

Биржевые облигации бездокументарные процентные неконвертируемые
с централизованным учетом прав,
серия БО-001Р-04

Объем эмиссии

370 млн дирхамов ОАЭ

Регистрационный номер

4B02-04-16677-A-001Р от 31.08.2023

ISIN

RU000A106V57

Дата начала обращения

08.09.2023

Дата погашения

05.09.2025


Источник: АКРА, данные эмитента

РЕГУЛЯТОРНОЕ РАСКРЫТИЕ

Кредитный рейтинг был присвоен по национальной шкале для Российской Федерации на основе Методологии присвоения кредитных рейтингов финансовым инструментам по национальной шкале для Российской Федерации, а также Основных понятий, используемых Аналитическим Кредитным Рейтинговым Агентством в рейтинговой деятельности.

Кредитный рейтинг выпуску облигаций МКПАО «ОК РУСАЛ» серии БО-001Р-04 (RU000A106V57) был присвоен впервые. Пересмотр кредитного рейтинга ожидается в течение одного года с даты опубликования настоящего пресс-релиза.

Кредитный рейтинг был присвоен на основании данных, предоставленных МКПАО «ОК РУСАЛ», информации из открытых источников, а также баз данных АКРА. Кредитный рейтинг является запрошенным, МКПАО «ОК РУСАЛ» принимало участие в процессе присвоения кредитного рейтинга.

При присвоении кредитного рейтинга использовалась информация, качество и достоверность которой, по мнению АКРА, являются надлежащими и достаточными для применения методологий.

АКРА оказывало МКПАО «ОК РУСАЛ» дополнительные услуги. Конфликты интересов в рамках процесса присвоения кредитного рейтинга выявлены не были.
",A,A+
7,"
Понижение кредитного рейтинга АО «Почта России» (далее — Почта России, Компания) связано с крайне слабыми финансовыми результатами за 2022 год, которые не были покрыты за счет экстраординарной поддержки со стороны государства. Кроме того, понижение рейтинга обусловлено ожиданиями АКРА, что восстановление финансовых показателей, вероятно, произойдет не ранее 2025 года. В 2022 году Почта России существенно увеличила расходы на оплату труда на фоне умеренного снижения выручки, что привело к переходу FFO до фиксированных платежей в область отрицательных значений (-19,9 млрд руб. по итогам 2022-го) и негативно сказалось на оценках финансового риск-профиля. Как полагает Агентство, восстановление финансовых показателей до уровней 2021 года произойдет только к 2025-му, чему может способствовать введение инфраструктурного платежа для компаний сектора электронной торговли. Однако вопрос относительно данного платежа находится сейчас на стадии обсуждения; определенности по срокам, конечной форме и масштабам будущего денежного эффекта для Компании пока нет.

Кредитный рейтинг Почты России отражает высокую степень поддержки со стороны государства и низкую степень зависимости государства и Компании от однородных факторов риска.

Кредитный рейтинг Почты России определяется с учетом сильной позиции на рынке социально значимых почтовых и коммуникационных услуг, а также сильного бизнес-профиля. Последний обусловлен высокой диверсификацией услуг и развитой транспортно-логистической инфраструктурой, позволяющей оказывать государственные и социальные услуги населению на всей территории России. Финансовый риск-профиль характеризуется сильной ликвидностью на фоне среднего уровня рентабельности. Однако негативные результаты 2022 года привели к повышению долговой нагрузки и ослаблению показателей обслуживания долга и денежного потока, что оказывает сдерживающее влияние на уровень кредитного рейтинга. При этом АКРА отмечает, что сформированная подушка ликвидности и значительный объем свободных лимитов по кредитным линиям оказывают поддержку рейтингу Компании.

Почта России — крупнейший федеральный почтовый и логистический оператор России, работающий во всех регионах страны. Компания оказывает все виды услуг почтовой связи (доставка письменной корреспонденции и почтовых отправлений, международная почтовая связь и др.), осуществляет денежные переводы и доставку пенсий, обеспечивает прием платежей от населения, а также предоставляет логистические услуги для компаний электронной торговли. Почта России на 100% находится в собственности государства.

КЛЮЧЕВЫЕ ФАКТОРЫ ОЦЕНКИ

Высокая степень поддержки со стороны государства. Социальная роль Почты России в масштабах страны и весомый вклад Компании в развитие российской экономики обуславливают высокую степень государственной поддержки, которая в рамках методологии АКРА отражает очень высокие оценки субфакторов «Барьеры и ограничения» и «Социальная роль», а также высокие оценки субфакторов «Предрасположенность к оказанию поддержки», «Исключительность реализуемых функций» и «Собственность, контроль и регулирование». Государство осуществляет стратегический и операционный контроль над деятельностью Компании, а также влияет на финансовую устойчивость, прямо или косвенно субсидируя ее деятельность. Совет директоров формируется Правительством Российской Федерации и в значительной степени состоит из представителей органов власти. Исключительность реализуемых Почтой России функций выражается в оказании почтово-коммуникационных и платежных услуг, включая пенсионные выплаты и оплату услуг ЖКХ, в стационарных и передвижных отделениях и пунктах (общим количеством более 38 тыс.) во всех городах и сельских населенных пунктах Российской Федерации.

Средняя рентабельность при крупном размере бизнеса. Выручка Компании по итогам 2022 года составила 221,2 млрд руб., снизившись на 3% к показателю 2021-го. При этом в 2022 году наблюдался рост выручки от продажи услуг через цифровые каналы (порталы pochta.ru, otpravka.pochta.ru, мобильное приложение Почты России и др.), которая увеличилась на 17% (до 61,8 млрд руб.) благодаря постепенному переводу классических почтовых услуг в современный цифровой формат через онлайн-каналы. Сокращение консолидированной выручки в основном было связано с прошлогодним санкционным кризисом, в том числе в сегменте международных отправлений.

Сильный бизнес-профиль. Почта России предоставляет все основные виды почтовых услуг (доставка корреспонденции, отправка посылок, экспресс-доставка, услуги по подписке на периодические издания) на всей территории страны наряду с приемом платежей, денежными переводами и выплатой пенсий. Вся или почти вся инфраструктура Компании, включая отделения, почтамты, сортировочные центры, а также транспортный парк, находится в ее собственности. Диверсификация оказываемых Компанией услуг оценивается АКРА на высоком уровне.

Очень высокая долговая нагрузка при среднем уровне обслуживания долга. На 30.06.2023 общий долг Почты России (без лизингового портфеля) составил 118 млрд руб. (на уровне показателя на конец 2022 года). В структуре портфеля 83% приходится на облигационные займы, а 17% — на кредиты. Долговые обязательства номинированы в рублях и привлечены преимущественно по фиксированным ставкам. Средневзвешенное отношение скорректированного общего долга к FFO до фиксированных платежей превышает 5,0х. Средневзвешенное отношение FFO до фиксированных платежей к фиксированным платежам составило 2,6х.

Сильная ликвидность при слабом денежном потоке. Во второй половине 2023 года Компании предстоит рефинансировать существенную часть долгового портфеля. На 30.06.2023 Компания располагала значительным объемом открытых неиспользованных кредитных линий, что позволяет сохранить оценку ликвидности на высоком уровне. Низкий объем дивидендных выплат и ограниченные капитальные затраты оказывают определенную поддержку свободному денежному потоку (FCF), который, однако, испытывает существенное давление из-за низкого общего уровня рентабельности и негативных финансовых результатов Компании за 2022 год. Средневзвешенная рентабельность по FCF, по оценкам Агентства, перешла в область отрицательных значений и составила -5,6%.

КЛЮЧЕВЫЕ ДОПУЩЕНИЯ

сохранение статуса единственного государственного оператора почтовой связи, в том числе в части рассылки государственных уведомлений, штрафов и извещений;

сохранение и расширение государственных мер в части регулярной поддержки Компании.

ФАКТОРЫ ВОЗМОЖНОГО ИЗМЕНЕНИЯ ПРОГНОЗА ИЛИ РЕЙТИНГА

«Развивающийся» прогноз предполагает возможность разнонаправленного движения рейтинга на горизонте 12–18 месяцев: неизменность, повышение или понижение.

К позитивному рейтинговому действию могут привести:

возвращение средневзвешенных показателей долговой нагрузки до уровня ниже 5,0х при одновременном росте коэффициента покрытия существенно выше 2,5х;

значительное расширение экстраординарной поддержки со стороны государства.

К негативному рейтинговому действию могут привести:

потеря полного контроля со стороны государства;

снижение системной значимости Компании для государства;

снижение объемов или прекращение мер государственной поддержки;

снижение средневзвешенного показателя FFO до фиксированных платежей к фиксированным платежам до уровня ниже 1,0х;

ухудшение позиции Компании по ликвидности.

КОМПОНЕНТЫ РЕЙТИНГА

Оценка собственной кредитоспособности (ОСК): a-.

Поддержка: государство — ОСК плюс пять ступеней.
",AA,AA+
8,"
Подтверждение кредитного рейтинга ООО «РТ — Развитие бизнеса» (далее — «РТ — Развитие бизнеса», Компания) обусловлено сохранением кредитных метрик Компании в рамках диапазонов, установленных для данного уровня рейтинга, а также оценкой ее бизнес-профиля.

Кредитный рейтинг основан на оценке собственной кредитоспособности (ОСК) Компании на уровне bbb+. Дополнительная ступень к ОСК отражает поддержку со стороны Государственной корпорации «Ростех» (далее — ГК «Ростех», поддерживающее лицо, ПЛ) с высоким уровнем кредитоспособности (AAA(RU), прогноз «Стабильный»). При этом следует отметить низкую зависимость Компании и поддерживающего лица от однородных факторов риска.

«РТ — Развитие бизнеса» выступает в качестве холдинговой компании, владеющей долями в предприятиях гражданских отраслей, в том числе добычи золота, производства титана, ИТ, медицины, лизинга.

КЛЮЧЕВЫЕ ФАКТОРЫ ОЦЕНКИ

Оценка диверсификации инвестиций на уровне ниже средней. Финансовые активы «РТ — Развитие бизнеса» представлены в компаниях цветной металлургии. Данные активы генерируют получаемые Компанией дивидендные потоки и потоки от продажи долей. По указанным активам была проведена оценка справедливой стоимости, отраженная в отчетности Компании по МСФО, на основе которой АКРА, помимо прочего, определяло ОСК.

Компания осуществила также более десятка портфельных инвестиций в проекты, находящиеся на различных стадиях реализации. Это проекты в сфере добычи полезных ископаемых, нефтегазового и химического машиностроения, инжиниринга, здравоохранения и информационных технологий. Принимая во внимание высокий риск изменения справедливой стоимости данных проектов (на фоне изменения сроков реализации, объемов инвестиций, конфигурации участников и рыночных условий), АКРА не учитывало их при определении ОСК Компании.

Взвешенная оценка качества активов, которая определяется с учетом уровня ОСК каждой портфельной компании, высокая (их ОСК — а+ и выше). При этом оценка качества инвестиций «РТ — Развитие бизнеса» учитывает тот факт, что инвестиции Компании являются долевыми, а их ликвидность — умеренная и высокая.  

АКРА оценивает диверсификацию финансовых активов Компании на уровне ниже средней как по объектам инвестиций, так и по отраслям.

Оценка инвестиционной и финансовой политики «РТ — Развитие бизнеса» учитывает покупку как стабильно функционирующих, так и быстрорастущих компаний, у которых высока вероятность изменения справедливой стоимости из-за изменения параметров, связанных с реализацией инвестиционных проектов. Финансовая политика Компании направлена в первую очередь на защиту интересов акционеров. При оценке инвестиционной политики АКРА также учитывает тот факт, что Компания приняла долгосрочную стратегию развития до 2030 года, предполагающую дальнейшую диверсификацию инвестиционного портфеля активов.

Оценка финансового риск-профиля отражает низкое расчетное значение долговой нагрузки Компании (LTV ниже 25%), при этом оценка долговой нагрузки учитывает применение корректировки на пограничное значение с целью отразить перспективы снижения до конца 2023 года объема поручительств, выданных Компанией по обязательствам дочерних компаний. Агентство отмечает средний показатель обслуживания долга (отношение дивидендов за вычетом административных расходов к процентным платежам превышает 2,0х) и высокий показатель краткосрочной ликвидности.

Низкая степень поддержки и зависимости от однородных факторов риска с ГК «Ростех».  Большинство членов совета директоров Компании — это сотрудники поддерживающего лица (три из пяти). В комитетах по бюджету и аудиту при совете директоров большинство также у ГК «Ростех». Активы Компании представлены в разных отраслях и имеют исключительно гражданскую направленность, что соответствует стратегии ГК «Ростех» по доведению доли гражданской продукции в структуре выручки до 50%. При оценке степени поддержки АКРА учитывало исторический опыт получения Компанией поддержки со стороны ГК «Ростех». Принимая во внимание незначительное влияние «РТ — Развитие бизнеса» на финансовое состояние поддерживающего лица и низкую степень зависимости Компании и ПЛ от однородных факторов риска, АКРА оценивает степень поддержки как низкую.

КЛЮЧЕВЫЕ ДОПУЩЕНИЯ

сохранение акционерного и операционного контроля со стороны ГК «Ростех»;

сохранение в собственности Компании пакетов акций компаний цветной металлургии;

стабильность дивидендных выплат по портфельным активам.

ФАКТОРЫ ВОЗМОЖНОГО ИЗМЕНЕНИЯ ПРОГНОЗА ИЛИ РЕЙТИНГА

«Стабильный» прогноз предполагает с высокой долей вероятности неизменность рейтинга на горизонте 12–18 месяцев.

К позитивному рейтинговому действию могут привести:

повышение значимости «РТ — Развитие бизнеса» для ГК «Ростех» с точки зрения доли Компании в финансовых показателях поддерживающего лица;

диверсификация текущего инвестиционного портфеля за счет инвестиций в компании с высоким уровнем кредитоспособности и стабильными дивидендными выплатами;

повышение оценки кредитного качества инвестиционных активов.

К негативному рейтинговому действию могут привести:

рост показателя LTV до уровня выше 25%, в том числе вследствие принятия Компанией поручительств и гарантий в отношении третьих лиц;

потеря операционного или акционерного контроля со стороны ГК «Ростех»;

снижение значимости «РТ — Развитие бизнеса» для ГК «Ростех» с точки зрения доли Компании в финансовых показателях поддерживающего лица;

снижение оценки кредитного качества инвестиционных активов.

КОМПОНЕНТЫ РЕЙТИНГА

ОСК: bbb+.

Поддержка: плюс одна ступень к ОСК.

РЕЙТИНГИ ВЫПУСКОВ

Эмиссии в обращении отсутствуют.

РЕГУЛЯТОРНОЕ РАСКРЫТИЕ

Кредитный рейтинг был присвоен по национальной шкале для Российской Федерации на основе Методологии присвоения кредитных рейтингов нефинансовым компаниям по национальной шкале для Российской Федерации, Методологии анализа рейтингуемых лиц, связанных с государством или группой, а также Основных понятий, используемых Аналитическим Кредитным Рейтинговым Агентством в рейтинговой деятельности.

Впервые кредитный рейтинг ООО «РТ — Развитие бизнеса» был опубликован АКРА 03.10.2019. Очередной пересмотр кредитного рейтинга и прогноза по кредитному рейтингу ООО «РТ — Развитие бизнеса» ожидается в течение одного года с даты опубликования настоящего пресс-релиза.

Кредитный рейтинг был присвоен на основании данных, предоставленных ООО «РТ — Развитие бизнеса», информации из открытых источников, а также баз данных АКРА. Кредитный рейтинг является запрошенным, ООО «РТ — Развитие бизнеса» принимало участие в процессе присвоения кредитного рейтинга.

При присвоении кредитного рейтинга использовалась информация, качество и достоверность которой, по мнению АКРА, являются надлежащими и достаточными для применения методологий.

АКРА оказывало ООО «РТ — Развитие бизнеса» дополнительные услуги. Конфликты интересов в рамках процесса присвоения кредитного рейтинга выявлены не были.
",A,A-
9,"
Кредитный рейтинг ПАО «Абрау-Дюрсо» (далее — «Абрау-Дюрсо», Компания) обусловлен сильной рыночной позицией Компании, которая является лидером на российском рынке игристого вина, сильной оценкой ее операционного риск-профиля, очень высокой рентабельностью, низкой долговой нагрузкой, высокой оценкой обслуживания долга и очень сильной ликвидностью. Сдерживающее влияние на рейтинг оказывают небольшой размер Компании и средняя оценка свободного денежного потока (FCF). Изменение прогноза по кредитному рейтингу на «Позитивный» обусловлено ожиданиями АКРА относительно дальнейшего роста размеров бизнеса Компании, а также улучшения оценок долговой нагрузки и денежного потока.

«Абрау-Дюрсо» — российская компания, специализирующаяся на выпуске игристого вина. «Абрау-Дюрсо» имеет три производственных актива в Краснодарском крае (Русский винный дом «Абрау-Дюрсо», завод «Лоза», винодельня «Юбилейная») и один производственный актив в Ростовской области («Винодельня Ведерников»). «Абрау-Дюрсо» выпускает игристые вина, произведенные по технологии классической шампанизации и методом Charmat, тихие вина, а также сидр, крепкие алкогольные напитки, безалкогольные газированные напитки и артезианскую воду. В 2022 году совокупный объем продаж Компании составил 54 млн бутылок.

КЛЮЧЕВЫЕ ФАКТОРЫ ОЦЕНКИ

По итогам 2022 года рост выручки Компании по МСФО составил 18,9%, что было обусловлено в первую очередь увеличением продаж в физическом выражении. Рекордный урожай винограда в России в 2022 году, обеспеченный благоприятными погодными условиями, позволил сократить удельную себестоимость производства. Вместе с тем усложнение поставок импортных игристых и тихих вин благоприятно отразилось на спросе и ценах на российскую продукцию. Снижение удельной себестоимости вкупе с ростом цен на продукцию Компании оказали положительное влияние на рентабельность «Абрау-Дюрсо» по итогам 2022 года.

В 2023–2025 годах Агентство ожидает продолжения роста физических объемов производства Компании. При этом избыточное производство виноматериалов в России при ограниченных возможностях экспорта может оказать позитивное влияние на рентабельность в прогнозном периоде.

Сильная оценка рыночной позиции и очень высокий уровень географической диверсификации. «Абрау-Дюрсо» занимает первое место в производстве игристых вин в России. Поддержку рыночной позиции Компании также оказывает законодательство РФ, которое направлено на развитие отечественного виноделия. Компания участвует в государственных программах поддержки и развития АПК и виноделия, что позволяет ей частично компенсировать затраты на посадки молодого винограда и получать субсидируемые кредиты. В 2020 году вступил в силу Федеральный закон № 468-ФЗ «О виноградарстве и виноделии в Российской Федерации», который ограничил использование импортного виноматериала в производстве российских вин (в том числе игристых). Таким образом, компании, обладающие собственными виноградниками, получили конкурентное преимущество на рынке игристых и тихих вин России. «Абрау-Дюрсо» обладает 3,7 тыс. га виноградников и 6,3 тыс. га виноградопригодных земель. Текущая санкционная политика также способствует дальнейшему усилению рыночной позиции «Абрау-Дюрсо». Агентство отмечает очень высокий уровень географической диверсификации: вина «Абрау-Дюрсо» представлены на всей территории России.

Средняя оценка бизнес-профиля. АКРА отмечает позитивные для Компании тенденции спроса на рынке, что связано с несколькими ключевыми факторами, а именно с изменениями в законодательстве в 2020 году, текущей санкционной политикой и развитием Компанией собственных перспективных линеек продукции. Основная продукция «Абрау-Дюрсо» — игристые вина в сегментах «премиум», «субпремиум» и «стандарт», помимо этого стоит отметить высокие темпы роста продаж безалкогольной продукции Компании, что ведет к улучшению ее продуктовой диверсификации. АКРА отмечает умеренную оценку товаров — заменителей на рынке, что обусловлено сильным брендом Компании, которая тем не менее ограничена наличием широкой линейки конкурентной продукции.

Высокий уровень корпоративного управления. АКРА отмечает наличие в Компании ключевых органов управления, а также политик и формализованных процедур принятия управленческих решений. Агентство положительно оценивает стратегию развития Компании, учитывая усиление вертикальной интеграции и расширение собственной продуктовой линейки продукции «Абрау-Дюрсо». Управление рисками оценивается Агентством на высоком уровне: Компания страхует ключевые риски, а также обладает формализованными стандартами по разным типам рисков. Структура группы усложнена, присутствуют операции со связанными сторонами, однако они являются экономически обоснованными. Финансовая прозрачность «Абрау-Дюрсо» находится на высоком уровне, Компания готовит отчетность по МСФО на годовой и полугодовой основе.

Низкая долговая нагрузка и высокая оценка обслуживания долга. Отношение общего долга к FFO до чистых процентных платежей по итогам 2022 года, по расчетам АКРА, составило 2,5х. АКРА ожидает постепенного снижения показателя в 2023–2025 годах. Финансовый долг Компании сформирован рыночными банковскими кредитными линиями, а также кредитными линиями в рамках программы Министерства сельского хозяйства Российской Федерации № 1528 (процентные платежи субсидируются государством) и займами от связанных сторон. Кредитный портфель хорошо диверсифицирован, график погашения долга очень комфортен, в связи с чем качественная оценка долговой нагрузки определяется Агентством на очень высоком уровне. По расчетам АКРА, взвешенное отношение FFO до чистых процентных платежей к процентным платежам за период с 2020 по 2025 год составляет 5,6х.

Очень высокая оценка ликвидности при средней оценке денежного потока. «Абрау-Дюрсо» обладает очень комфортным графиком погашения долга. На 30.06.2023 Компания располагала свободными и доступными к выборке кредитными лимитами в объеме 11,7 млрд руб., что полностью покрывает ее потребности в погашении в ближайшие годы.  Рентабельность Компании по FCF составила по итогам 2022 года -6%, при этом, по оценке Агентства, взвешенная рентабельность по FCF за период с 2020 по 2025 год превысит 4% в связи с прохождением пика капитальных затрат в 2022 году и существенным ростом операционного денежного потока в 2023–2025 годах.

КЛЮЧЕВЫЕ ДОПУЩЕНИЯ

капитальные затраты и дивидендная политика в 2023–2025 годах, соответствующие планам Компании;

рост объемов производства в физическом выражении в соответствии с прогнозом Компании на 2023–2025 годы.

ФАКТОРЫ ВОЗМОЖНОГО ИЗМЕНЕНИЯ ПРОГНОЗА ИЛИ РЕЙТИНГА

«Позитивный» прогноз предполагает с высокой долей вероятности повышение рейтинга на горизонте 12–18 месяцев.

К позитивному рейтинговому действию могут привести:

рост взвешенного показателя FFO до чистых процентных платежей и налогов выше 5 млрд руб.;

снижение взвешенного отношения общего долга к FFO до чистых процентных платежей ниже 2,0х.

К негативному рейтинговому действию могут привести:

снижение взвешенного отношения FFO до чистых процентных платежей к процентным платежам ниже 5,0х при ухудшении взвешенной рентабельности по FCF;

увеличение взвешенного отношения общего долга к FFO до чистых процентных платежей выше 3,5х.

КОМПОНЕНТЫ РЕЙТИНГА

Оценка собственной кредитоспособности (ОСК): a.

Корректировки: отсутствуют.

РЕЙТИНГИ ВЫПУСКОВ

Рейтинги эмиссиям в обращении не присвоены.

РЕГУЛЯТОРНОЕ РАСКРЫТИЕ

Кредитный рейтинг был присвоен по национальной шкале для Российской Федерации на основе Методологии присвоения кредитных рейтингов нефинансовым компаниям по национальной шкале для Российской Федерации, а также Основных понятий, используемых Аналитическим Кредитным Рейтинговым Агентством в рейтинговой деятельности.

Впервые кредитный рейтинг ПАО «Абрау-Дюрсо» был опубликован АКРА 27.09.2021. Очередной пересмотр кредитного рейтинга и прогноза по кредитному рейтингу ПАО «Абрау-Дюрсо» ожидается в течение одного года с даты опубликования настоящего пресс-релиза.

Кредитный рейтинг был присвоен на основании данных, предоставленных ПАО «Абрау-Дюрсо», информации из открытых источников, а также баз данных АКРА. Рейтинговый анализ был проведен на основании отчетности ПАО «Абрау-Дюрсо» по МСФО. Кредитный рейтинг является запрошенным, ПАО «Абрау-Дюрсо» принимало участие в процессе присвоения кредитного рейтинга.

При присвоении кредитного рейтинга использовалась информация, качество и достоверность которой, по мнению АКРА, являются надлежащими и достаточными для применения методологий.

АКРА оказывало ПАО «Абрау-Дюрсо» дополнительные услуги. Конфликты интересов в рамках процесса присвоения кредитного рейтинга выявлены не были.",A,A
10,"
ПОДТВЕРЖДЕН НЕКРЕДИТНЫЙ РЕЙТИНГ
Общество с ограниченной ответственностью «Национальное Рейтинговое Агентство» (далее – НРА, Агентство) подтвердило некредитный рейтинг надежности и качества услуг АО «НПФ «Сургутнефтегаз» (далее – Фонд) по национальной шкале негосударственных пенсионных фондов для Российской Федерации (далее – Рейтинг) на уровне «AA+|ru.pf|», прогноз «Стабильный».

РЕЗЮМЕ
Подтверждение уровня рейтинга АО «НПФ «Сургутнефтегаз» на уровне «AA+|ru.pf|» обусловлено: (1) сохранением высокого инвестиционного качества пенсионных портфелей, (2) очень высоким уровнем обеспеченности собственным капиталом, (3) качеством предлагаемых услуг, (4) высоким качеством корпоративного управления и риск-менеджмента.

Рейтинг сдерживается: (1) конкурентными рыночными позициями и (2) умеренным уровнем рентабельности деятельности.

Фонд имеет лицензию Банка России на осуществление деятельности по пенсионному обеспечению и пенсионному страхованию № 433 от 06.08.2014 г.

Сайт Фонда в сети Интернет: www.npf-sng.ru
",AA,AA+
11,"
ПРИСВОЕН КРЕДИТНЫЙ РЕЙТИНГ
Общество с ограниченной ответственностью «Национальное Рейтинговое Агентство» (далее – НРА, Агентство) присвоило кредитный рейтинг ПАО «Аптечная сеть 36,6» на уровне «ВВB+|ru|» по национальной рейтинговой шкале для Российской Федерации, прогноз «Стабильный».

РЕЗЮМЕ
Кредитный рейтинг (далее – Рейтинг) ПАО «Аптечная сеть 36,6» (далее – Компания) на уровне «ВВB+|ru|» обусловлен: (1) высокой оценкой оборачиваемости дебиторской задолженности; (2) высокой оценкой цикла оборотного капитала; (3) высоким уровнем рентабельности свободного денежного потока от операционной деятельности после капитальных вложений; (4) продолжительным сроком работы на рынке; (5) сильными позициями на рынке аптечных сетей (6) развитой системой корпоративного управления и средним уровнем зрелости системы управления рисками.

Уровень рейтинга ограничивается: (1) невысоким уровнем перманентного капитала; (2) низким уровнем финансового левериджа; (3) невысокой оценкой рентабельности активов по чистой прибыли; (4) невысоким уровнем краткосрочной ликвидности; (5) ощутимой долговой нагрузкой; (6) невысокой обеспеченностью обслуживания долга денежным потоком до изменения оборотного капитала; (7) внешними бизнес-рисками, связанными с наличием сильных конкурентов на рынке; (8) влиянием финансовых рисков (процентный, ценовой, ликвидности).

Компания зарегистрирована в 2002 году.  Основным видом деятельности Компании и ее дочерних предприятий (далее – Группа) является продажа лекарственных средств в розничной сети аптек в Российской Федерации под торговыми знаками «36,6», «Горздрав» и «Калина Фарм». Структура ассортимента продукции состоит из лекарственных препаратов, парафармы и собственной торговой марки (изделия медицинского назначения, витамины, БАДы и т.п.). Компания развивает в том числе онлайн-торговлю (через собственные интернет-аптеки и маркетплейсы).

По состоянию на 30.06.2023 г. Группа не имела конечного контролирующего собственника. Акционерный капитал Группы представлен не связанными между собой акционерами с долей участия, не превышающей 20%. ПАО «Аптечная сеть 36,6» представлена в 11 субъектах РФ с преимущественной долей в Москве, Московской, Новгородской и Тверской областях. Аптечная сеть составляет порядка 1900 аптечных точек, из которых порядка 99% это арендованные площади. В течение первого полугодия 2023 года Компания открыла 111 аптек.

Выручка Группы за 2022 год и I полугодие 2023 года в соответствии с МСФО составила 59,0 млрд руб. и 30,5 млрд руб., чистая прибыль составила 223 млн руб. и 87 млн руб. соответственно (2021 год: выручка — 44,1 млрд руб., чистый убыток – 950 млн руб.).

Сайт Компании в сети Интернет: https://www.pharmacychain366.ru/
",BBB,BBB+
12,"
Рейтинговое агентство НКР присвоило ООО «ЭНЕРГОНИКА» (далее — «Энергоника», «компания») кредитный рейтинг BBB-.ru со стабильным прогнозом.



Резюме
Контракты с бюджетными организациями и муниципалитетами в различных регионах РФ гарантируют компании стабильный денежный поток в долгосрочной перспективе, что поддерживает оценку бизнес-профиля.
Позитивное влияние на оценку финансового профиля оказывают приемлемые показатели обслуживания долга и ликвидности баланса, высокий уровень операционной рентабельности.
Оценку финансового профиля сдерживают умеренно повышенный уровень долговой нагрузки и невысокая доля собственного капитала в структуре фондирования активов.
Акционерные риски оцениваются как низкие, а система корпоративного управления находится в стадии развития.



Структура БОСК
Энергоника_БОСК_2023.png


Информация о рейтингуемом лице
ООО «ЭНЕРГОНИКА» — энергосервисная компания, внедряет энергосберегающие технологии, преимущественно в рамках контрактов по модернизации уличного освещения и помещений на муниципальных объектах. Создана в 2013 году, работает с государственными и муниципальными заказчиками.


Обоснование рейтингового действия
Факторы, определившие уровень БОСК: bbb-
Диверсификация регионов присутствия компании и устойчивость источников финансирования энергосервисных контрактов
Российский рынок энергетических услуг отличается значительной фрагментацией, и агентство оценивает барьеры для входа новых участников в сегменте B2G как ограниченные в силу специфики конкурсной документации: наличие у исполнителя собственных финансовых ресурсов, требования к его финансовой устойчивости, обеспеченности трудовыми ресурсами и опыту успешного оказания сопоставимых услуг.

Средневзвешенный срок действия контрактов «Энергоники» составляет более 7 лет, что гарантирует долгосрочную устойчивость денежного потока. В течение всего срока действия контракта оплата производится ежемесячно на основании актов об определении экономии энергетических ресурсов в размере 80–95% средств, сэкономленных в результате энергосберегающих мер и иных услуг компании. Заказчики оплачивают услуги «Энергоники» из бюджетных средств, что обусловливает ритмичность и относительную стабильность финансирования.

Положительное влияние на оценку бизнес-профиля компании оказывает умеренная географическая диверсификация регионов присутствия компании. Компания заключила контракты с муниципальными заказчиками в Москве и Московской области, Тульской, Смоленской, Кемеровской областях, Саратове и Саратовской области, Краснодарском крае, Бурятии.

Риски концентрации активов и зависимости от поставщиков оцениваются как невысокие. Собственного производства у компании нет. Необходимое оборудование закупается у нескольких российских поставщиков, которые производят его по патентам «Энергоники».

Повышенная долговая нагрузка и сильные показатели рентабельности
Долговая нагрузка компании оценивается как умеренно повышенная: на 31.12.2022 г. совокупный долг был больше OIBDA в 3,4 раза против 3,9 годом ранее. Агентство ожидает сдержанного роста долговой нагрузки к концу 2023 года, прежде всего из-за увеличения совокупного долга компании.

Несмотря на повышенную долговую нагрузку, метрики обслуживания долга позитивно влияют на оценку финансового профиля: в 2021–2022 годах совокупный объём денежных средств и OIBDA компании в 1,3–1,4 раза превышал её краткосрочный долг и проценты по кредитам и займам. Наибольшая доля (более 75%) в структуре долга приходится на долгосрочные обязательства.

Ликвидность баланса компании оценена как умеренная. Денежные средства и ликвидные активы (с учётом дополнительной ликвидности в виде открытых лимитов) на 31.12.2022 г. покрывали 40% и 79% текущих обязательств соответственно.

Поддержку оценке финансового профиля компании оказывают сильные метрики операционной рентабельности. Отношение OIBDA к выручке по итогам 2022 года составляло 75% по сравнению с 78% в 2021 году.

Невысокая доля собственного капитала в валюте баланса (19% на конец 2022 года) сдерживает оценку профиля. При оценке структуры фондирования НКР принимало во внимание концентрацию задолженности на одном из кредиторов компании.

Низкие акционерные риски, развивающаяся система корпоративного управления
Акционерные риски оцениваются как низкие, учитывая прозрачность структуры владения компании и её бенефициаров для НКР.

Система корпоративного управления находится в стадии развития. Основные нормативные документы, касающиеся корпоративного управления и управления рисками, приняты в 2023 году. Компания формирует отчётность по МСФО с 2022 года.

Политика управления ликвидностью консервативна. У компании положительная кредитная история в банках с 2015 года, есть опыт привлечения средств на публичном долговом рынке (четыре выпуска облигаций в обращении).

Результаты применения модификаторов 
Стресс-тестирование в условиях, предполагающих возможность существенного снижения доходных показателей деятельности (выручка и OIBDA) не оказало существенного влияния на уровень БОСК.

С учётом влияния модификаторов ОСК установлена на уровне bbb-.ru.

Оценка внешнего влияния
НКР не учитывает вероятность экстраординарной поддержки со стороны ключевых бенефициаров.

Кредитный рейтинг ООО «ЭНЕРГОНИКА» присвоен на уровне BBB-.ru.

Факторы, способные привести к изменению рейтинга
К повышению кредитного рейтинга или улучшению прогноза могут привести снижение уровня долговой нагрузки, повышение доли собственного капитала в структуре источников финансирования активов, рост рыночной доли компании.

Кредитный рейтинг может быть снижен, или прогноз может быть ухудшен в случае ухудшения показателей обслуживания долга, в том числе из-за роста краткосрочной задолженности; снижения операционной рентабельности и ликвидности баланса; уменьшения степени информационной прозрачности и раскрываемости финансовой и иной существенной информации о деятельности компании.




Регуляторное раскрытие
При присвоении кредитного рейтинга ООО «ЭНЕРГОНИКА» использовались Методология присвоения кредитных рейтингов по национальной шкале для Российской Федерации нефинансовым компаниям, Основные понятия, используемые Обществом с ограниченной ответственностью «Национальные Кредитные Рейтинги» в Методологической и Рейтинговой деятельности, и Оценка внешнего влияния при присвоении кредитных рейтингов по национальной шкале для Российской Федерации. Кредитный рейтинг присвоен по национальной рейтинговой шкале.

Присвоение кредитного рейтинга и определение прогноза по кредитному рейтингу основываются на информации, предоставленной ООО «ЭНЕРГОНИКА», а также на данных и материалах, взятых из публичных источников.

Фактов и событий, позволяющих усомниться в корректности и достоверности предоставленных данных, зафиксировано не было. Кредитный рейтинг присваивается впервые и является запрошенным, ООО «ЭНЕРГОНИКА» принимало участие в процессе присвоения кредитного рейтинга.

Пересмотр кредитного рейтинга и прогноза по кредитному рейтингу ожидается не позднее календарного года с даты публикации настоящего пресс-релиза.

НКР не оказывало ООО «ЭНЕРГОНИКА» дополнительных услуг.

Конфликтов интересов в процессе присвоения кредитного рейтинга и определении прогноза по кредитному рейтингу ООО «ЭНЕРГОНИКА» зафиксировано не было.


",BBB,BBB-
13,"
Рейтинговое агентство НКР подтвердило кредитный рейтинг ПАО «Инград» (далее — «Инград», «компания») на уровне A-.ru со стабильным прогнозом.



Резюме
Группа компаний «Инград» является одним из крупнейших застройщиков столичного региона, что наряду со значительной диверсификацией потребителей, высокой обеспеченностью земельным банком и отсутствием значительной концентрации на поставщиках и подрядчиках поддерживает умеренно высокую оценку бизнес-профиля.
Наличие в портфеле «Инграда» проектов разных ценовых сегментов повышает устойчивость компании к кризисным изменениям спроса на фоне замедления роста цен.
Давление на оценку финансового профиля оказывают повышенная долговая нагрузка, невысокие показатели обслуживания долга и низкая доля капитала в пассивах.
Умеренные показатели рентабельности и высокий уровень покрытия текущих обязательств денежными средствами положительно влияют на оценку финансового профиля.
Качество корпоративного управления и управления рисками в компании оценивается выше среднего по рынку.



Структура БОСК
Инград_БОСК_280823.png


Информация о рейтингуемом лице
ПАО «ИНГРАД» специализируется на строительстве жилых кварталов и микрорайонов комфорт- и бизнес-класса в Москве и ближнем Подмосковье. Компания построила и ввела в эксплуатацию 1,6 млн м2 жилья. Объём текущего строительства на август 2023 года составляет 573 тыс. м2 — компания реализует 29 девелоперских проектов.


Обоснование рейтингового действия
Факторы, определившие уровень БОСК: a-
Умеренная оценка систематического риска и низкий специфический риск
Достаточно высокая оценка бизнес-профиля «Инграда» обусловлена умеренным уровнем систематического риска и низким специфическим риском, что позитивно влияет на оценку собственной кредитоспособности (ОСК) компании.

Концентрация деятельности в столичном регионе положительно влияет на формирование выручки «Инграда», в том числе благодаря высокому среднему доходу на душу населения. Волатильность рынков присутствия оценивается как умеренная: за последние 10 лет в Москве и Московской области было два значительных снижения объёмов строительства и цен на недвижимость (максимальное составило порядка 25% с учётом инфляции), что укладывается в среднюю продолжительность экономического цикла на российском рынке жилья (4-5 лет).

В 2023 году на рынке жилья Москвы наблюдается переключение спроса с комфорт-класса на более дорогие сегменты, включая бизнес-класс. Это обусловлено как ослаблением рубля, так и всплеском активности инвесторов, ориентированных на более высокий чек покупки. Комфорт-класс в Подмосковье также растёт в цене, хотя и медленнее чем эконом-класс. В соответствии с обновлённой в 2022 году стратегией «Инград» планирует увеличивать земельный банк за счёт проектов комплексного развития территории (КРТ), при этом в Москве компания сосредоточится на бизнес-классе, а в Новой Москве и Подмосковье — на комфорт-классе. Предполагается, что такой подход позволит компании нарастить долю рынка в ближайшие годы с учётом стандартизации продуктовой линейки и мер по снижению себестоимости на фоне существенного замедления роста цен.

Высокая покупательная способность населения в Московском регионе, низкая доля крупнейшего проекта в выручке и умеренная зависимость компании от крупнейшего поставщика позволяют оценить специфический риск как низкий.

Повышенная долговая нагрузка при высоком уровне ликвидности
Компания испытывает существенные колебания долговой нагрузки и запаса прочности по обслуживанию долга в связи с широким использованием проектного финансирования и эскроу-счетов, поскольку выручка формируется уже после сдачи объектов в эксплуатацию.

На конец 2022 года отношение совокупного долга (без учёта средств на эскроу-счетах) к операционной прибыли (OIBDA) составляло 4,1, а покрытие процентных платежей операционной прибылью — 1,1, что сдерживает оценку финансового профиля.

Ликвидность «Инграда» оценивается как высокая, что позитивно влияет на оценку финансового профиля компании. Денежные средства и их эквиваленты покрывают 86% текущих обязательств. Согласно методологии НКР, из суммы текущих обязательств была вычтена кредиторская задолженность, которую, по мнению аналитиков агентства, можно урегулировать за счёт запасов. Финансовую устойчивость компании усиливает существенный запас неиспользованных кредитных линий банков.

Агентство оценивает рентабельность «Инграда» как среднюю: отношение OIBDA к выручке составляет около 18%, а рентабельность по чистой прибыли — не более 1%. В структуре фондирования преобладают заёмные средства: отношение капитала, скорректированного в соответствии с методологией НКР, к активам не превышает 12%.

Адекватная оценка системы управления и стратегии, отсутствие акционерных рисков
Акционерные риски «Инграда» оцениваются как минимальные, учитывая прозрачность структуры активов ключевых бенефициаров. Акционерных конфликтов не выявлено.

Корпоративное управление соответствует лучшим практикам, управление операционными рисками лучше средних по рынку, политика управления ликвидностью сравнительно консервативна. Планы «Инграда» содержат исчерпывающую информацию по операционным, инвестиционным и финансовым показателям более чем на 5 лет.

«Инград» имеет долгосрочную (более трёх лет) положительную кредитную историю, а также положительную платёжную дисциплину по уплате как налоговых, так и иных обязательств.

Результаты применения модификаторов 
Стресс-тестирование компании в условиях макроэкономического стресса и других негативных тенденций в девелоперской отрасли не оказало существенного влияния на оценку кредитоспособности компании.

С учётом влияния модификаторов ОСК установлена на уровне a-.ru.

Оценка внешнего влияния
НКР не учитывает вероятность экстраординарной поддержки со стороны ключевого бенефициара.

Кредитный рейтинг ПАО «ИНГРАД» соответствует ОСК и подтверждён на уровне А-.ru.

Факторы, способные привести к изменению рейтинга
К повышению кредитного рейтинга или улучшению прогноза могут привести сокращение долговой нагрузки, повышение запаса прочности по обслуживанию долга, дальнейшее увеличение рентабельности операционной деятельности и доли собственных источников фондирования активов, снижение зависимости от крупнейшего поставщика.

Понижение кредитного рейтинга или ухудшение прогноза возможны в случае существенного ослабления экономической активности, в том числе в строительстве, которое отрицательно скажется на показателях долговой нагрузки, обслуживания долга и ликвидности, соотношении остатков на эскроу-счетах и проектного долга, а также в случае значительного сокращения доходов населения и возможного падения цен и объёмов продаж жилой недвижимости.



Регуляторное раскрытие
При присвоении кредитного рейтинга ПАО «Инград» использовались Методология присвоения кредитных рейтингов по национальной шкале для Российской Федерации нефинансовым компаниям, Основные понятия, используемые Обществом с ограниченной ответственностью «Национальные Кредитные Рейтинги» в Методологической и Рейтинговой деятельности, и Оценка внешнего влияния при присвоении кредитных рейтингов по национальной шкале для Российской Федерации. Кредитный рейтинг присвоен по национальной рейтинговой шкале.

Кредитный рейтинг ПАО «ИНГРАД» был впервые опубликован 08.09.2021 г.

Присвоение кредитного рейтинга и определение прогноза по кредитному рейтингу основываются на информации, предоставленной ПАО «ИНГРАД», а также на данных и материалах, взятых из публичных источников.

Фактов и событий, позволяющих усомниться в корректности и достоверности предоставленных данных, зафиксировано не было. Кредитный рейтинг является запрошенным, ПАО «ИНГРАД» принимало участие в процессе присвоения кредитного рейтинга.

Пересмотр кредитного рейтинга и прогноза по кредитному рейтингу ожидается не позднее календарного года с даты публикации настоящего пресс-релиза.

НКР не оказывало ПАО «ИНГРАД» дополнительных услуг.

Конфликтов интересов в процессе присвоения кредитного рейтинга и определении прогноза по кредитному рейтингу ПАО «ИНГРАД» зафиксировано не было.
",A,A-
